ds,y
2013/01/01,436.12
2013/01/02,432.7
2013/01/03,431.79
2013/01/04,435.09
2013/01/07,432.22
2013/01/08,433.81
2013/01/09,436.87
2013/01/10,432.23
2013/01/11,434.51
2013/01/14,432.63
2013/01/15,424.93
2013/01/16,426.8
2013/01/17,427.26
2013/01/18,437.16
2013/01/21,440.64
2013/01/22,451.91
2013/01/23,449.24
2013/01/24,455.51
2013/01/28,454.56
2013/01/29,454.31
2013/01/30,453.22
2013/01/31,452.02
2013/02/01,454.58
2013/02/04,454.89
2013/02/06,466.69
2013/02/07,468.98
2013/02/08,474.36
2013/02/11,477.33
2013/02/12,473.67
2013/02/13,478.94
2013/02/14,478.82
2013/02/15,478.63
2013/02/18,477.36
2013/02/19,470.28
2013/02/20,477.96
2013/02/21,481.44
2013/02/22,482.89
2013/02/25,479.98
2013/02/26,481.38
2013/02/27,485.78
2013/02/28,480.32
2013/03/01,479.13
2013/03/04,478.88
2013/03/05,485.21
2013/03/06,481.47
2013/03/07,483.25
2013/03/08,480.49
2013/03/11,473.08
2013/03/12,462.18
2013/03/13,458.02
2013/03/14,453.97
2013/03/15,448.64
2013/03/18,449.1
2013/03/19,452.39
2013/03/20,453.38
2013/03/21,456.38
2013/03/22,457.81
2013/03/25,455.0
2013/03/26,451.56
2013/03/27,453.41
2013/03/28,453.01
2013/03/29,453.63
2013/04/01,458.17
2013/04/02,461.95
2013/04/03,470.56
2013/04/04,470.26
2013/04/05,472.85
2013/04/08,473.64
2013/04/09,475.75
2013/04/10,475.08
2013/04/11,482.07
2013/04/12,475.16
2013/04/15,472.38
2013/04/16,456.24
2013/04/17,456.31
2013/04/18,464.0
2013/04/19,461.56
2013/04/22,460.36
2013/04/23,463.39
2013/04/24,465.04
2013/04/25,467.15
2013/04/26,470.17
2013/04/29,468.88
2013/04/30,470.17
2013/05/02,470.57
2013/05/03,480.12
2013/05/06,484.17
2013/05/07,479.71
2013/05/08,483.35
2013/05/09,480.46
2013/05/10,487.83
2013/05/13,493.45
2013/05/14,494.03
2013/05/15,495.95
2013/05/16,494.12
2013/05/17,494.33
2013/05/20,496.92
2013/05/21,499.18
2013/05/22,510.56
2013/05/23,507.28
2013/05/24,503.9
2013/05/27,498.79
2013/05/28,508.7
2013/05/29,506.7
2013/05/30,507.76
2013/05/31,511.94
2013/06/03,521.52
2013/06/04,524.65
2013/06/05,518.79
2013/06/06,516.67
2013/06/07,511.77
2013/06/10,508.62
2013/06/11,505.69
2013/06/12,509.32
2013/06/13,513.02
2013/06/14,506.25
2013/06/17,500.85
2013/06/18,500.37
2013/06/19,504.61
2013/06/20,503.4
2013/06/21,499.3
2013/06/24,492.28
2013/06/25,497.73
2013/06/26,493.99
2013/06/27,493.19
2013/06/28,497.37
2013/07/01,504.87
2013/07/02,507.51
2013/07/03,510.86
2013/07/04,515.84
2013/07/05,519.41
2013/07/08,524.67
2013/07/09,530.7
2013/07/10,531.71
2013/07/11,524.93
2013/07/12,526.08
2013/07/15,519.74
2013/07/16,520.41
2013/07/17,519.89
2013/07/18,527.21
2013/07/19,529.31
2013/07/22,531.92
2013/07/23,529.31
2013/07/24,524.81
2013/07/25,523.49
2013/07/26,522.53
2013/07/29,522.79
2013/07/30,525.07
2013/07/31,520.82
2013/08/01,521.31
2013/08/05,522.03
2013/08/06,515.41
2013/08/07,524.38
2013/08/12,527.22
2013/08/13,521.42
2013/08/15,524.1
2013/08/16,516.35
2013/08/19,514.64
2013/08/20,508.74
2013/08/21,494.87
2013/08/22,480.55
2013/08/23,480.32
2013/08/26,481.5
2013/08/27,474.78
2013/08/28,469.85
2013/08/29,477.72
2013/08/30,480.14
2013/09/02,471.43
2013/09/03,471.66
2013/09/04,465.89
2013/09/05,480.78
2013/09/06,492.33
2013/09/09,494.2
2013/09/10,498.6
2013/09/11,501.62
2013/09/12,506.55
2013/09/13,509.47
2013/09/16,507.44
2013/09/17,503.34
2013/09/18,469.89
2013/09/19,471.79
2013/09/20,472.65
2013/09/23,470.13
2013/09/24,456.81
2013/09/25,454.31
2013/09/26,446.88
2013/09/27,441.11
2013/09/30,428.73
2013/10/01,435.66
2013/10/02,441.49
2013/10/03,444.28
2013/10/04,445.01
2013/10/07,443.33
2013/10/08,442.16
2013/10/09,435.37
2013/10/10,437.46
2013/10/11,443.98
2013/10/14,443.4
2013/10/21,450.2
2013/10/22,465.42
2013/10/23,476.0
2013/10/24,473.36
2013/10/25,475.69
2013/10/28,468.6
2013/10/29,462.82
2013/10/30,456.88
2013/10/31,478.03
2013/11/01,473.35
2013/11/04,462.69
2013/11/05,460.97
2013/11/06,465.78
2013/11/07,466.39
2013/11/08,465.95
2013/11/11,460.2
2013/11/12,460.24
2013/11/13,456.12
2013/11/18,467.48
2013/11/19,468.8
2013/11/20,470.67
2013/11/21,470.4
2013/11/22,468.66
2013/11/25,480.37
2013/11/26,471.88
2013/11/27,471.61
2013/11/28,476.16
2013/11/29,478.0
2013/12/02,477.16
2013/12/03,484.97
2013/12/04,488.58
2013/12/05,495.24
2013/12/06,493.17
2013/12/09,499.69
2013/12/10,494.2
2013/12/11,495.11
2013/12/12,494.26
2013/12/13,495.18
2013/12/16,496.01
2013/12/17,494.33
2013/12/18,502.29
2013/12/19,507.3
2013/12/20,509.44
2013/12/23,504.34
2013/12/24,504.98
2013/12/26,500.69
2013/12/27,498.89
2013/12/30,499.37
2013/12/31,497.71
2014/01/01,507.49
2014/01/02,510.07
2014/01/03,509.67
2014/01/06,511.25
2014/01/07,513.65
2014/01/08,516.14
2014/01/09,509.22
2014/01/10,508.22
2014/01/13,508.49
2014/01/15,518.41
2014/01/16,529.36
2014/01/17,524.79
2014/01/20,523.03
2014/01/21,528.72
2014/01/22,519.1
2014/01/23,523.46
2014/01/24,523.45
2014/01/27,517.52
2014/01/28,522.5
2014/01/29,523.15
2014/01/30,525.15
2014/01/31,529.78
2014/02/03,539.63
2014/02/04,530.54
2014/02/06,507.74
2014/02/07,508.0
2014/02/10,504.92
2014/02/11,504.02
2014/02/12,509.73
2014/02/13,507.84
2014/02/14,506.36
2014/02/17,502.58
2014/02/18,497.05
2014/02/19,492.46
2014/02/20,492.84
2014/02/21,494.89
2014/02/24,496.94
2014/02/25,496.57
2014/02/26,494.2
2014/02/27,493.22
2014/02/28,499.32
2014/03/03,503.47
2014/03/04,517.88
2014/03/05,527.39
2014/03/06,534.98
2014/03/07,532.54
2014/03/10,542.08
2014/03/11,540.48
2014/03/12,538.73
2014/03/13,542.84
2014/03/14,547.31
2014/03/17,549.02
2014/03/18,550.34
2014/03/19,545.13
2014/03/20,539.73
2014/03/21,539.93
2014/03/24,526.38
2014/03/25,536.27
2014/03/26,540.97
2014/03/27,545.95
2014/03/28,540.79
2014/03/31,544.18
2014/04/01,546.56
2014/04/02,549.19
2014/04/03,553.68
2014/04/04,550.41
2014/04/07,547.66
2014/04/08,552.25
2014/04/09,554.67
2014/04/10,555.28
2014/04/11,552.07
2014/04/14,546.65
2014/04/15,535.49
2014/04/16,541.65
2014/04/17,532.82
2014/04/18,530.28
2014/04/21,529.13
2014/04/22,532.35
2014/04/23,532.86
2014/04/24,533.79
2014/04/25,536.23
2014/04/28,529.98
2014/04/29,529.02
2014/04/30,531.37
2014/05/02,530.88
2014/05/05,525.87
2014/05/06,523.69
2014/05/07,519.85
2014/05/08,524.78
2014/05/09,526.77
2014/05/12,525.09
2014/05/13,529.36
2014/05/14,531.28
2014/05/15,535.08
2014/05/16,534.9
2014/05/19,538.53
2014/05/20,535.47
2014/05/21,532.16
2014/05/22,531.86
2014/05/23,530.97
2014/05/26,537.89
2014/05/27,540.97
2014/05/28,537.18
2014/05/29,540.68
2014/05/30,545.26
2014/06/02,547.3
2014/06/03,544.14
2014/06/04,539.8
2014/06/05,546.81
2014/06/06,547.01
2014/06/09,550.36
2014/06/10,556.91
2014/06/11,553.3
2014/06/12,556.6
2014/06/13,560.07
2014/06/16,566.4
2014/06/17,561.31
2014/06/18,558.02
2014/06/19,550.73
2014/06/20,551.44
2014/06/23,556.94
2014/06/24,554.57
2014/06/25,560.07
2014/06/26,559.07
2014/06/27,565.94
2014/06/30,574.3
2014/07/01,575.76
2014/07/02,567.66
2014/07/03,567.65
2014/07/04,566.7
2014/07/07,563.29
2014/07/08,564.5
2014/07/09,561.67
2014/07/10,559.74
2014/07/11,561.07
2014/07/14,571.33
2014/07/15,570.28
2014/07/16,577.53
2014/07/17,585.05
2014/07/18,592.62
2014/07/21,592.34
2014/07/22,589.14
2014/07/23,587.0
2014/07/24,588.67
2014/07/28,589.01
2014/08/04,572.25
2014/08/05,574.66
2014/08/06,568.75
2014/08/07,574.36
2014/08/08,574.23
2014/08/11,549.13
2014/08/12,554.06
2014/08/13,559.31
2014/08/15,563.29
2014/08/18,566.24
2014/08/19,565.01
2014/08/20,565.43
2014/08/21,570.02
2014/08/22,568.19
2014/08/25,556.21
2014/08/26,551.95
2014/08/27,552.82
2014/08/28,554.41
2014/08/29,561.5
2014/09/01,558.57
2014/09/02,575.16
2014/09/03,582.43
2014/09/04,587.11
2014/09/05,588.81
2014/09/08,558.83
2014/09/09,558.46
2014/09/10,555.21
2014/09/11,557.05
2014/09/12,558.6
2014/09/15,551.33
2014/09/16,549.25
2014/09/17,541.24
2014/09/18,542.01
2014/09/19,542.03
2014/09/22,539.33
2014/09/23,541.43
2014/09/24,538.41
2014/09/25,533.43
2014/09/26,532.26
2014/09/29,530.34
2014/09/30,531.44
2014/10/01,532.07
2014/10/02,530.22
2014/10/03,528.31
2014/10/09,524.75
2014/10/10,521.08
2014/10/13,517.22
2014/10/14,514.34
2014/10/15,500.89
2014/10/16,490.07
2014/10/17,491.38
2014/10/20,490.19
2014/10/21,488.0
2014/10/22,494.84
2014/10/23,484.21
2014/10/24,484.99
2014/10/27,486.9
2014/10/28,490.72
2014/10/29,496.55
2014/10/30,497.24
2014/10/31,501.63
2014/11/05,491.64
2014/11/06,481.56
2014/11/07,490.93
2014/11/10,495.11
2014/11/11,494.96
2014/11/12,494.38
2014/11/13,483.9
2014/11/14,470.98
2014/11/17,471.7
2014/11/18,478.44
2014/11/19,477.86
2014/11/20,469.79
2014/11/21,477.39
2014/11/24,473.0
2014/11/25,469.31
2014/11/26,471.24
2014/11/27,467.44
2014/11/28,446.57
2014/12/01,424.27
2014/12/02,426.84
2014/12/03,422.01
2014/12/04,426.9
2014/12/05,425.75
2014/12/08,419.46
2014/12/09,415.49
2014/12/10,411.58
2014/12/11,400.37
2014/12/12,391.77
2014/12/15,399.95
2014/12/16,379.98
2014/12/17,361.89
2014/12/18,370.38
2014/12/19,370.11
2014/12/22,387.73
2014/12/23,391.02
2014/12/24,396.47
2014/12/26,387.28
2014/12/29,394.46
2014/12/30,375.86
2014/12/31,379.36
2015/01/01,381.63
2015/01/02,384.87
2015/01/05,380.7
2015/01/06,368.31
2015/01/07,369.39
2015/01/08,381.31
2015/01/09,399.63
2015/01/12,389.96
2015/01/13,383.48
2015/01/14,382.11
2015/01/15,382.26
2015/01/16,380.52
2015/01/19,385.1
2015/01/20,383.04
2015/01/21,387.82
2015/01/22,388.58
2015/01/23,379.94
2015/01/26,369.37
2015/01/27,375.71
2015/01/28,373.51
2015/01/29,369.38
2015/01/30,366.03
2015/02/02,370.08
2015/02/03,387.64
2015/02/04,385.89
2015/02/06,387.73
2015/02/09,388.44
2015/02/10,389.26
2015/02/11,371.48
2015/02/12,375.47
2015/02/13,379.9
2015/02/16,385.97
2015/02/17,389.72
2015/02/18,387.09
2015/02/19,383.03
2015/02/20,380.89
2015/02/23,378.03
2015/02/24,374.0
2015/02/25,370.11
2015/02/26,370.19
2015/02/27,369.0
2015/03/02,365.77
2015/03/03,368.2
2015/03/04,367.1
2015/03/05,370.35
2015/03/06,371.4
2015/03/09,369.21
2015/03/10,366.04
2015/03/11,364.16
2015/03/12,365.75
2015/03/13,367.45
2015/03/16,360.73
2015/03/17,351.36
2015/03/18,339.4
2015/03/19,338.17
2015/03/20,335.36
2015/03/24,323.32
2015/03/25,321.12
2015/03/26,327.08
2015/03/27,321.65
2015/03/30,311.3
2015/03/31,326.46
2015/04/01,325.65
2015/04/02,328.24
2015/04/03,312.31
2015/04/06,317.75
2015/04/07,327.95
2015/04/08,344.34
2015/04/09,345.53
2015/04/10,348.73
2015/04/13,351.75
2015/04/14,354.61
2015/04/15,359.03
2015/04/16,369.29
2015/04/17,374.73
2015/04/20,381.69
2015/04/21,374.71
2015/04/22,370.03
2015/04/23,368.82
2015/04/24,374.69
2015/04/27,371.95
2015/04/28,366.96
2015/04/29,364.65
2015/04/30,368.93
2015/05/04,374.47
2015/05/05,380.15
2015/05/06,399.15
2015/05/07,404.75
2015/05/08,395.06
2015/05/11,377.61
2015/05/12,385.84
2015/05/13,386.15
2015/05/14,387.64
2015/05/15,384.14
2015/05/18,375.16
2015/05/19,377.16
2015/05/20,373.83
2015/05/21,374.04
2015/05/22,376.34
2015/05/25,381.98
2015/05/26,379.69
2015/05/27,381.22
2015/05/28,383.25
2015/05/29,388.12
2015/06/01,390.0
2015/06/02,390.5
2015/06/03,391.0
2015/06/04,390.15
2015/06/05,389.74
2015/06/08,402.69
2015/06/09,399.22
2015/06/10,407.76
2015/06/11,411.6
2015/06/12,413.28
2015/06/15,412.74
2015/06/16,408.39
2015/06/17,409.08
2015/06/18,407.48
2015/06/19,407.32
2015/06/22,401.37
2015/06/23,400.45
2015/06/24,399.92
2015/06/25,395.03
2015/06/26,393.88
2015/06/29,398.35
2015/06/30,403.82
2015/07/01,404.14
2015/07/02,402.27
2015/07/03,404.43
2015/07/06,393.97
2015/07/07,377.38
2015/07/08,369.85
2015/07/09,369.96
2015/07/10,372.31
2015/07/13,366.93
2015/07/14,357.81
2015/07/15,362.26
2015/07/16,356.19
2015/07/22,354.92
2015/07/23,356.49
2015/07/24,354.49
2015/07/27,350.78
2015/07/28,350.09
2015/07/29,356.29
2015/07/30,368.21
2015/07/31,370.12
2015/08/03,364.54
2015/08/04,365.13
2015/08/05,365.65
2015/08/06,365.38
2015/08/07,364.09
2015/08/10,357.58
2015/08/11,362.84
2015/08/12,358.15
2015/08/13,360.19
2015/08/17,352.68
2015/08/18,350.18
2015/08/19,352.14
2015/08/20,337.41
2015/08/21,337.7
2015/08/24,320.82
2015/08/25,305.58
2015/08/26,308.28
2015/08/27,321.84
2015/08/28,337.93
2015/08/31,347.36
2015/09/01,345.96
2015/09/02,335.78
2015/09/03,341.0
2015/09/04,339.02
2015/09/07,331.27
2015/09/08,340.45
2015/09/09,339.97
2015/09/10,305.66
2015/09/11,310.12
2015/09/14,310.29
2015/09/15,307.66
2015/09/16,307.07
2015/09/17,306.89
2015/09/18,306.55
2015/09/21,304.3
2015/09/22,301.9
2015/09/23,300.29
2015/09/28,298.83
2015/09/29,294.75
2015/09/30,293.93
2015/10/01,299.89
2015/10/02,299.57
2015/10/05,300.26
2015/10/06,306.16
2015/10/07,316.44
2015/10/08,310.23
2015/10/09,324.78
2015/10/12,337.28
2015/10/13,331.96
2015/10/14,332.01
2015/10/15,327.57
2015/10/16,319.69
2015/10/19,314.99
2015/10/20,313.17
2015/10/21,312.91
2015/10/22,313.97
2015/10/26,312.74
2015/10/27,309.78
2015/10/28,311.76
2015/10/29,315.53
2015/10/30,318.97
2015/11/02,320.08
2015/11/03,317.92
2015/11/04,325.56
2015/11/05,329.0
2015/11/06,329.55
2015/11/09,326.56
2015/11/10,323.17
2015/11/11,320.43
2015/11/12,320.95
2015/11/13,319.32
2015/11/16,316.38
2015/11/17,316.33
2015/11/18,314.29
2015/11/19,315.46
2015/11/20,315.63
2015/11/23,310.19
2015/11/24,311.79
2015/11/25,307.55
2015/11/26,306.2
2015/11/27,305.32
2015/11/30,293.23
2015/12/01,289.96
2015/12/02,291.16
2015/12/03,290.14
2015/12/04,285.97
2015/12/07,281.54
2015/12/08,277.24
2015/12/09,277.06
2015/12/10,276.52
2015/12/11,269.58
2015/12/14,272.83
2015/12/15,272.82
2015/12/16,268.44
2015/12/17,271.63
2015/12/18,271.91
2015/12/21,270.01
2015/12/22,268.83
2015/12/23,268.92
2015/12/28,270.11
2015/12/29,269.36
2015/12/30,266.0
2015/12/31,268.02
2016/01/01,269.19
2016/01/04,267.35
2016/01/05,265.33
2016/01/06,264.9
2016/01/07,251.66
2016/01/08,243.89
2016/01/11,237.67
2016/01/12,226.69
2016/01/13,220.02
2016/01/14,209.02
2016/01/15,198.57
2016/01/18,189.67
2016/01/19,194.13
2016/01/20,190.16
2016/01/21,199.58
2016/01/22,209.55
2016/01/25,214.14
2016/01/26,207.21
2016/01/27,204.97
2016/01/28,211.04
2016/01/29,213.48
2016/02/01,215.88
2016/02/02,210.99
2016/02/03,211.98
2016/02/04,222.06
2016/02/08,225.83
2016/02/09,225.86
2016/02/10,227.76
2016/02/11,229.41
2016/02/12,238.45
2016/02/15,247.61
2016/02/16,244.92
2016/02/17,241.08
2016/02/18,242.58
2016/02/19,239.75
2016/02/22,238.27
2016/02/23,242.86
2016/02/24,248.57
2016/02/25,234.16
2016/02/26,236.75
2016/02/29,236.19
2016/03/01,247.99
2016/03/02,246.02
2016/03/03,247.23
2016/03/04,250.8
2016/03/07,258.43
2016/03/08,260.71
2016/03/09,258.48
2016/03/10,259.9
2016/03/11,259.61
2016/03/14,253.64
2016/03/15,243.04
2016/03/16,248.88
2016/03/17,256.54
2016/03/18,262.98
2016/03/21,260.73
2016/03/22,262.63
2016/03/24,258.49
2016/03/25,257.99
2016/03/28,258.7
2016/03/29,257.7
2016/03/30,258.85
2016/03/31,258.01
2016/04/01,259.96
2016/04/04,260.42
2016/04/05,256.32
2016/04/06,258.02
2016/04/07,258.49
2016/04/08,260.53
2016/04/11,259.84
2016/04/12,264.5
2016/04/13,275.15
2016/04/14,283.26
2016/04/15,282.06
2016/04/18,276.98
2016/04/19,283.85
2016/04/20,289.68
2016/04/21,302.26
2016/04/22,308.44
2016/04/25,304.1
2016/04/26,302.39
2016/04/27,314.52
2016/04/28,316.47
2016/04/29,320.37
2016/05/02,315.72
2016/05/03,317.91
2016/05/04,324.91
2016/05/05,338.43
2016/05/06,333.12
2016/05/09,339.9
2016/05/10,337.03
2016/05/11,337.29
2016/05/12,344.96
2016/05/13,341.77
2016/05/16,347.49
2016/05/17,349.39
2016/05/18,347.94
2016/05/19,346.51
2016/05/20,347.17
2016/05/23,342.86
2016/05/24,334.74
2016/05/25,337.17
2016/05/26,338.36
2016/05/27,352.76
2016/05/30,345.63
2016/05/31,344.71
2016/06/01,345.14
2016/06/02,349.49
2016/06/03,357.05
2016/06/06,354.05
2016/06/07,350.01
2016/06/08,349.73
2016/06/09,353.03
2016/06/10,348.35
2016/06/13,343.18
2016/06/14,350.01
2016/06/15,360.96
2016/06/16,356.09
2016/06/17,356.07
2016/06/20,359.76
2016/06/21,358.68
2016/06/22,357.83
2016/06/23,357.91
2016/06/24,343.19
2016/06/27,340.95
2016/06/28,341.79
2016/06/29,348.98
2016/06/30,347.48
2016/07/04,352.67
2016/07/11,356.1
2016/07/12,372.28
2016/07/13,377.48
2016/07/14,376.68
2016/07/15,378.98
2016/07/18,382.14
2016/07/19,382.88
2016/07/20,380.87
2016/07/21,379.21
2016/07/22,377.67
2016/07/25,372.39
2016/07/26,367.71
2016/07/27,369.31
2016/07/28,357.29
2016/07/29,348.42
2016/08/01,355.57
2016/08/02,357.35
2016/08/03,351.01
2016/08/04,358.51
2016/08/05,359.49
2016/08/08,364.76
2016/08/09,376.83
2016/08/10,382.46
2016/08/11,377.66
2016/08/12,380.38
2016/08/15,385.32
2016/08/16,387.32
2016/08/17,388.41
2016/08/18,388.15
2016/08/19,394.13
2016/08/22,396.5
2016/08/23,394.95
2016/08/24,394.67
2016/08/25,394.49
2016/08/26,391.04
2016/08/29,392.21
2016/08/30,396.48
2016/08/31,395.21
2016/09/01,390.17
2016/09/02,381.99
2016/09/05,393.75
2016/09/06,389.96
2016/09/07,391.77
2016/09/08,396.66
2016/09/09,405.61
2016/09/15,399.76
2016/09/16,406.65
2016/09/19,408.68
2016/09/20,389.2
2016/09/21,385.54
2016/09/22,389.47
2016/09/23,386.44
2016/09/26,383.95
2016/09/27,383.49
2016/09/28,381.15
2016/09/29,397.7
2016/09/30,401.31
2016/10/03,403.84
2016/10/04,407.64
2016/10/05,409.49
2016/10/06,412.68
2016/10/07,417.07
2016/10/10,415.99
2016/10/13,422.15
2016/10/14,425.06
2016/10/17,423.52
2016/10/18,422.28
2016/10/19,423.36
2016/10/20,432.04
2016/10/21,426.95
2016/10/24,419.72
2016/10/25,417.35
2016/10/26,408.85
2016/10/27,400.42
2016/10/28,396.92
2016/10/31,396.51
2016/11/01,412.18
2016/11/02,405.88
2016/11/03,401.26
2016/11/04,397.73
2016/11/07,406.67
2016/11/08,409.03
2016/11/09,405.04
2016/11/10,418.71
2016/11/11,416.66
2016/11/14,406.82
2016/11/15,411.99
2016/11/16,414.58
2016/11/17,420.18
2016/11/18,418.35
2016/11/21,423.09
2016/11/22,438.48
2016/11/23,448.09
2016/11/24,443.82
2016/11/25,444.48
2016/11/28,437.8
2016/11/29,428.66
2016/11/30,431.96
2016/12/01,452.64
2016/12/02,454.31
2016/12/05,471.64
2016/12/06,474.42
2016/12/07,469.6
2016/12/08,463.19
2016/12/09,479.73
2016/12/13,503.71
2016/12/14,528.89
2016/12/15,541.27
2016/12/16,543.75
2016/12/19,559.58
2016/12/20,547.44
2016/12/21,552.61
2016/12/22,544.46
2016/12/23,540.33
2016/12/26,530.84
2016/12/27,533.33
2016/12/28,542.12
2016/12/29,539.83
2016/12/30,534.62
2017/01/02,526.77
2017/01/03,540.0
2017/01/04,538.03
2017/01/05,539.22
2017/01/06,544.55
2017/01/09,540.61
2017/01/10,539.34
2017/01/11,538.6
2017/01/12,535.48
2017/01/13,533.13
2017/01/16,527.28
2017/01/17,530.33
2017/01/18,525.44
2017/01/19,525.62
2017/01/20,525.89
2017/01/23,527.84
2017/01/24,536.59
2017/01/25,532.33
2017/01/26,528.06
2017/01/27,512.79
2017/01/30,496.64
2017/01/31,490.19
2017/02/01,499.02
2017/02/02,504.19
2017/02/03,498.36
2017/02/06,495.94
2017/02/07,493.6
2017/02/08,498.08
2017/02/09,487.0
2017/02/10,490.58
2017/02/13,498.31
2017/02/14,490.76
2017/02/15,488.31
2017/02/16,486.65
2017/02/17,480.42
2017/02/20,474.41
2017/02/21,481.51
2017/02/22,480.74
2017/02/23,488.61
2017/02/24,480.0
2017/02/27,473.72
2017/02/28,475.43
2017/03/01,473.64
2017/03/02,481.19
2017/03/03,478.85
2017/03/06,478.01
2017/03/07,482.38
2017/03/08,480.44
2017/03/09,470.91
2017/03/10,467.06
2017/03/13,449.26
2017/03/14,444.46
2017/03/15,442.42
2017/03/16,445.52
2017/03/17,453.65
2017/03/20,445.54
2017/03/21,449.01
2017/03/22,450.62
2017/03/24,458.7
2017/03/27,450.19
2017/03/28,444.21
2017/03/29,445.11
2017/03/30,439.25
2017/03/31,445.05
2017/04/03,443.99
2017/04/04,440.18
2017/04/05,437.94
2017/04/06,436.33
2017/04/07,445.1
2017/04/10,448.06
2017/04/11,461.62
2017/04/12,467.9
2017/04/13,458.06
2017/04/14,458.71
2017/04/17,465.24
2017/04/18,463.69
2017/04/19,472.02
2017/04/20,476.48
2017/04/21,477.85
2017/04/24,477.12
2017/04/25,471.28
2017/04/26,465.12
2017/04/27,458.18
2017/04/28,455.41
2017/05/02,450.6
2017/05/03,450.32
2017/05/04,449.14
2017/05/05,443.67
2017/05/08,458.32
2017/05/09,463.44
2017/05/10,461.48
2017/05/11,471.93
2017/05/12,475.73
2017/05/15,499.51
2017/05/16,507.24
2017/05/17,502.79
2017/05/18,494.29
2017/05/19,504.8
2017/05/22,526.21
2017/05/23,524.97
2017/05/24,533.16
2017/05/25,531.89
2017/05/26,520.74
2017/05/29,519.71
2017/05/30,518.93
2017/05/31,529.05
2017/06/01,510.59
2017/06/02,505.93
2017/06/05,520.7
2017/06/06,512.28
2017/06/07,513.05
2017/06/08,509.97
2017/06/09,513.98
2017/06/12,488.61
2017/06/13,481.6
2017/06/14,466.98
2017/06/15,471.87
2017/06/16,466.51
2017/06/19,477.69
2017/06/20,457.68
2017/06/21,452.4
2017/06/22,449.75
2017/06/29,450.71
2017/06/30,458.15
2017/07/03,443.75
2017/07/04,452.2
2017/07/05,470.84
2017/07/06,459.09
2017/07/07,455.39
2017/07/10,460.0
2017/07/11,437.0
2017/07/12,433.66
2017/07/13,429.75
2017/07/14,436.22
2017/07/17,440.06
2017/07/18,453.61
2017/07/19,448.73
2017/07/20,453.93
2017/07/21,458.1
2017/07/24,462.01
2017/07/25,465.37
2017/07/26,474.76
2017/07/27,473.14
2017/07/28,482.63
2017/07/31,484.45
2017/08/01,504.31
2017/08/02,503.03
2017/08/03,509.22
2017/08/04,503.72
2017/08/07,496.44
2017/08/08,502.42
2017/08/09,499.91
2017/08/10,499.84
2017/08/11,489.92
2017/08/15,479.93
2017/08/16,474.07
2017/08/17,451.17
2017/08/18,454.96
2017/08/21,464.74
2017/08/22,464.17
2017/08/23,473.34
2017/08/24,473.07
2017/08/25,479.62
2017/08/28,479.53
2017/08/29,479.24
2017/08/30,480.9
2017/08/31,480.39
2017/09/05,481.91
2017/09/06,478.77
2017/09/07,480.4
2017/09/08,479.44
2017/09/11,464.49
2017/09/12,462.18
2017/09/13,480.26
2017/09/14,488.74
2017/09/15,495.44
2017/09/18,498.05
2017/09/19,499.25
2017/09/20,505.54
2017/09/21,496.84
2017/09/22,499.34
2017/09/25,498.01
2017/09/26,515.58
2017/09/27,513.58
2017/09/28,531.84
2017/09/29,532.04
2017/10/02,522.84
2017/10/03,521.87
2017/10/04,525.78
2017/10/05,519.99
2017/10/06,534.92
2017/10/09,541.24
2017/10/10,520.01
2017/10/11,526.46
2017/10/12,552.78
2017/10/13,570.44
2017/10/16,587.75
2017/10/17,608.27
2017/10/18,597.02
2017/10/19,588.13
2017/10/20,583.3
2017/10/23,575.65
2017/10/24,586.02
2017/10/25,594.9
2017/10/26,589.65
2017/10/27,591.85
2017/10/30,604.11
2017/10/31,590.19
2017/11/01,613.5
2017/11/02,611.99
2017/11/03,625.29
2017/11/06,631.55
2017/11/07,638.76
2017/11/08,640.28
2017/11/09,633.49
2017/11/10,633.5
2017/11/13,628.55
2017/11/14,621.39
2017/11/15,612.49
2017/11/16,621.96
2017/11/17,625.32
2017/11/20,616.37
2017/11/21,619.75
2017/11/22,621.07
2017/11/23,620.22
2017/11/24,616.11
2017/11/27,609.66
2017/11/28,599.51
2017/11/29,592.59
2017/11/30,600.36
2017/12/04,603.73
2017/12/05,604.65
2017/12/06,609.86
2017/12/07,590.42
2017/12/08,605.0
2017/12/11,610.78
2017/12/12,621.25
2017/12/13,620.51
2017/12/14,611.44
2017/12/15,615.06
2017/12/18,610.83
2017/12/19,601.9
2017/12/20,600.46
2017/12/21,600.01
2017/12/22,588.21
2017/12/26,587.71
2017/12/27,593.96
2017/12/28,590.77
2017/12/29,594.26
2018/01/01,593.38
2018/01/02,609.13
2018/01/03,617.39
2018/01/04,618.96
2018/01/05,614.56
2018/01/08,617.59
2018/01/09,612.72
2018/01/10,614.79
2018/01/11,607.07
2018/01/12,611.5
2018/01/15,592.47
2018/01/16,607.93
2018/01/17,613.97
2018/01/18,614.94
2018/01/19,614.37
2018/01/22,615.98
2018/01/23,628.19
2018/01/24,596.79
2018/01/25,569.11
2018/01/26,565.96
2018/01/29,566.78
2018/01/30,564.86
2018/01/31,563.81
2018/02/01,569.87
2018/02/02,575.19
2018/02/06,565.32
2018/02/07,568.1
2018/02/08,562.84
2018/02/09,563.0
2018/02/12,564.55
2018/02/13,563.98
2018/02/14,563.66
2018/02/15,551.81
2018/02/16,561.71
2018/02/19,562.66
2018/02/20,564.59
2018/02/21,566.42
2018/02/22,594.74
2018/02/23,617.92
2018/02/26,611.37
2018/02/27,615.72
2018/02/28,624.51
2018/03/01,618.96
2018/03/02,615.13
2018/03/05,612.63
2018/03/06,609.42
2018/03/07,610.0
2018/03/08,600.39
2018/03/09,609.61
2018/03/12,603.87
2018/03/13,609.96
2018/03/14,608.32
2018/03/15,615.19
2018/03/16,618.92
2018/03/19,632.11
2018/03/20,638.95
2018/03/21,631.59
2018/03/22,638.83
2018/03/26,647.04
2018/03/27,641.7
2018/03/28,640.48
2018/03/29,647.12
2018/03/30,650.56
2018/04/02,657.18
2018/04/03,690.03
2018/04/04,685.71
2018/04/05,705.52
2018/04/06,707.34
2018/04/09,698.12
2018/04/10,703.82
2018/04/11,696.26
2018/04/12,696.87
2018/04/13,696.06
2018/04/16,692.87
2018/04/17,690.83
2018/04/18,683.89
2018/04/19,696.09
2018/04/20,684.19
2018/04/23,677.32
2018/04/24,689.58
2018/04/25,684.07
2018/04/26,674.91
2018/04/27,665.99
2018/04/30,679.33
2018/05/02,677.38
2018/05/03,669.38
2018/05/04,667.73
2018/05/07,681.03
2018/05/08,684.13
2018/05/09,686.45
2018/05/10,689.33
2018/05/11,685.56
2018/05/14,653.58
2018/05/15,660.49
2018/05/16,661.19
2018/05/17,658.86
2018/05/18,650.77
2018/05/21,642.79
2018/05/22,674.61
2018/05/23,671.01
2018/05/24,668.46
2018/05/25,662.13
2018/05/28,654.75
2018/05/29,649.6
2018/05/30,666.61
2018/05/31,678.72
2018/06/01,673.74
2018/06/04,683.57
2018/06/05,685.36
2018/06/06,680.07
2018/06/07,680.3
2018/06/11,685.92
2018/06/12,679.44
2018/06/13,685.36
2018/06/14,693.39
2018/06/19,684.76
2018/06/20,671.24
2018/06/21,662.49
2018/06/22,647.95
2018/06/25,640.26
2018/06/26,648.15
2018/06/27,662.95
2018/06/28,673.66
2018/06/29,671.79
2018/07/02,669.67
2018/07/03,662.76
2018/07/04,645.74
2018/07/05,642.65
2018/07/06,642.63
2018/07/09,621.66
2018/07/10,629.59
2018/07/11,635.7
2018/07/12,633.85
2018/07/13,636.06
2018/07/16,635.3
2018/07/17,627.5
2018/07/18,634.85
2018/07/19,646.32
2018/07/20,630.5
2018/07/23,617.38
2018/07/24,639.26
2018/07/26,662.5
2018/07/27,666.73
2018/07/30,670.72
2018/07/31,662.26
2018/08/01,659.84
2018/08/02,653.4
2018/08/03,650.95
2018/08/06,653.64
2018/08/07,656.95
2018/08/08,658.66
2018/08/09,644.8
2018/08/10,641.14
2018/08/13,640.01
2018/08/15,635.03
2018/08/16,638.79
2018/08/17,638.23
2018/08/20,632.12
2018/08/24,635.77
2018/08/27,640.74
2018/08/28,649.09
2018/08/29,642.84
2018/08/30,640.18
2018/08/31,643.26
2018/09/03,648.42
2018/09/04,647.72
2018/09/05,639.04
2018/09/06,639.51
2018/09/07,635.73
2018/09/10,638.07
2018/09/11,639.32
2018/09/12,647.74
2018/09/13,654.07
2018/09/14,659.2
2018/09/17,520.09
2018/09/18,523.37
2018/09/19,532.33
2018/09/24,536.03
2018/09/25,547.34
2018/09/26,545.69
2018/09/27,538.69
2018/09/28,549.18
2018/10/01,548.06
2018/10/02,558.26
2018/10/03,552.66
2018/10/04,549.73
2018/10/05,540.54
2018/10/08,519.56
2018/10/09,544.59
2018/10/10,549.47
2018/10/11,538.76
2018/10/12,523.29
2018/10/15,523.56
2018/10/16,539.23
2018/10/17,550.11
2018/10/18,543.87
2018/10/19,542.08
2018/10/22,536.18
2018/10/23,535.5
2018/10/24,555.38
2018/10/25,547.12
2018/10/26,554.82
2018/10/29,550.01
2018/10/30,545.32
2018/10/31,544.47
2018/11/01,540.82
2018/11/02,533.5
2018/11/05,523.8
2018/11/06,522.74
2018/11/07,534.13
2018/11/08,530.27
2018/11/09,526.4
2018/11/12,531.39
2018/11/13,531.8
2018/11/14,505.21
2018/11/15,507.07
2018/11/16,523.35
2018/11/19,519.64
2018/11/20,515.43
2018/11/22,491.9
2018/11/23,480.48
2018/11/26,481.0
2018/11/27,489.18
2018/11/28,486.68
2018/11/29,481.54
2018/11/30,486.0
2018/12/03,480.88
2018/12/04,490.66
2018/12/05,485.54
2018/12/06,471.99
2018/12/07,463.07
2018/12/10,482.7
2018/12/11,475.63
2018/12/12,470.72
2018/12/13,461.33
2018/12/14,465.29
2018/12/17,462.71
2018/12/18,450.02
2018/12/19,438.34
2018/12/20,438.68
2018/12/21,429.97
2018/12/24,429.11
2018/12/26,419.16
2018/12/27,420.55
2018/12/28,415.24
2018/12/31,424.82
2019/01/01,445.09
2019/01/02,430.29
2019/01/03,430.25
2019/01/04,430.09
2019/01/07,441.88
2019/01/08,453.97
2019/01/09,468.8
2019/01/10,477.87
2019/01/11,482.24
2019/01/14,477.68
2019/01/15,480.83
2019/01/16,471.92
2019/01/17,467.88
2019/01/18,468.57
2019/01/21,477.54
2019/01/22,479.27
2019/01/23,477.4
2019/01/24,475.43
2019/01/25,472.59
2019/01/28,470.63
2019/01/29,468.48
2019/01/30,466.31
2019/01/31,472.47
2019/02/01,470.41
2019/02/04,480.09
2019/02/06,477.07
2019/02/07,478.19
2019/02/08,468.55
2019/02/11,462.19
2019/02/12,473.21
2019/02/13,471.11
2019/02/14,475.49
2019/02/15,474.39
2019/02/18,476.5
2019/02/19,472.16
2019/02/20,481.5
2019/02/21,481.71
2019/02/22,481.88
2019/02/25,482.12
2019/02/26,472.15
2019/02/27,469.22
2019/02/28,470.71
2019/03/01,473.22
2019/03/04,474.2
2019/03/05,473.16
2019/03/06,474.37
2019/03/07,476.52
2019/03/08,470.39
2019/03/11,468.61
2019/03/12,449.62
2019/03/13,446.71
2019/03/14,445.36
2019/03/15,432.78
2019/03/18,435.35
2019/03/19,438.8
2019/03/20,437.72
2019/03/21,445.14
2019/03/22,453.26
2019/03/25,444.68
2019/03/26,446.66
2019/03/27,449.59
2019/03/28,445.35
2019/03/29,447.25
2019/04/01,445.07
2019/04/02,446.93
2019/04/03,456.59
2019/04/04,452.5
2019/04/05,452.92
2019/04/08,448.58
2019/04/09,451.35
2019/04/10,443.85
2019/04/11,446.06
2019/04/12,445.33
2019/04/15,442.9
2019/04/16,437.42
2019/04/17,440.91
2019/04/18,438.93
2019/04/19,444.16
2019/04/22,442.51
2019/04/23,440.98
2019/04/24,441.81
2019/04/25,438.81
2019/04/26,438.15
2019/04/29,429.77
2019/04/30,424.48
2019/05/02,423.26
2019/05/03,409.89
2019/05/06,399.23
2019/05/07,398.71
2019/05/08,392.04
2019/05/09,394.14
2019/05/10,385.19
2019/05/13,368.08
2019/05/14,377.88
2019/05/15,396.77
2019/05/16,416.6
2019/05/17,403.05
2019/05/20,400.53
2019/05/21,420.4
2019/05/22,441.42
2019/05/23,459.71
2019/05/24,446.58
2019/05/27,439.71
2019/05/28,420.64
2019/05/29,441.34
2019/05/30,444.85
2019/06/03,422.61
2019/06/10,408.01
2019/06/11,402.73
2019/06/12,403.46
2019/06/13,405.18
2019/06/14,409.93
2019/06/17,407.65
2019/06/18,401.78
2019/06/19,403.65
2019/06/20,410.66
2019/06/21,423.22
2019/06/24,410.83
2019/06/25,404.26
2019/06/26,409.89
2019/06/27,409.46
2019/06/28,405.89
2019/07/01,409.61
2019/07/02,415.31
2019/07/03,412.74
2019/07/04,410.58
2019/07/05,400.09
2019/07/08,395.05
2019/07/09,399.23
2019/07/10,399.48
2019/07/11,402.81
2019/07/12,398.4
2019/07/15,388.28
2019/07/16,377.76
2019/07/17,378.68
2019/07/18,378.85
2019/07/19,380.93
2019/07/22,389.69
2019/07/23,392.0
2019/07/24,388.39
2019/07/25,393.26
2019/07/26,391.96
2019/07/29,393.19
2019/07/30,399.51
2019/07/31,406.45
2019/08/01,409.55
2019/08/02,405.1
2019/08/05,398.97
2019/08/06,403.06
2019/08/07,388.59
2019/08/08,369.35
2019/08/09,363.6
2019/08/16,348.66
2019/08/19,353.38
2019/08/20,369.92
2019/08/21,373.3
2019/08/22,391.96
2019/08/23,385.17
2019/08/26,371.58
2019/08/27,370.54
2019/08/28,379.4
2019/08/29,374.36
2019/08/30,368.74
2019/09/02,371.24
2019/09/03,372.99
2019/09/04,382.54
2019/09/05,352.3
2019/09/06,353.19
2019/09/11,357.85
2019/09/12,359.26
2019/09/13,357.58
2019/09/16,375.06
2019/09/17,377.52
2019/09/18,363.77
2019/09/19,368.77
2019/09/20,367.62
2019/09/23,367.51
2019/09/24,367.27
2019/09/25,366.93
2019/09/26,366.98
2019/09/27,374.98
2019/09/30,379.9
2019/10/01,374.41
2019/10/02,370.08
2019/10/03,367.01
2019/10/04,366.85
2019/10/07,372.92
2019/10/08,376.77
2019/10/09,381.37
2019/10/10,389.01
2019/10/11,395.93
2019/10/14,391.6
2019/10/15,383.47
2019/10/16,379.76
2019/10/17,373.41
2019/10/18,375.92
2019/10/21,370.01
2019/10/22,368.52
2019/10/23,377.97
2019/10/24,389.32
2019/10/25,389.83
2019/10/28,390.11
2019/10/29,391.51
2019/10/30,388.19
2019/10/31,392.05
2019/11/01,389.69
2019/11/04,399.73
2019/11/05,398.33
2019/11/06,395.0
2019/11/07,404.0
2019/11/08,406.83
2019/11/11,418.57
2019/11/12,411.66
2019/11/13,419.24
2019/11/14,415.94
2019/11/15,413.18
2019/11/18,423.01
2019/11/19,419.03
2019/11/20,409.41
2019/11/21,399.51
2019/11/22,409.68
2019/11/25,413.29
2019/11/26,410.48
2019/11/27,410.14
2019/11/28,415.84
2019/11/29,421.5
2019/12/02,414.81
2019/12/03,415.47
2019/12/04,415.53
2019/12/05,424.48
2019/12/06,428.2
2019/12/09,430.31
2019/12/10,439.73
2019/12/11,439.9
2019/12/12,439.33
2019/12/13,440.67
2019/12/16,454.91
2019/12/17,464.03
2019/12/18,461.0
2019/12/19,447.53
2019/12/20,453.52
2019/12/23,445.94
2019/12/24,450.08
2019/12/26,453.05
2019/12/27,453.4
2019/12/30,449.73
2019/12/31,446.72
2020/01/01,462.23
2020/01/02,461.84
2020/01/03,473.43
2020/01/06,468.16
2020/01/07,467.26
2020/01/08,460.86
2020/01/09,469.47
2020/01/10,468.44
2020/01/13,467.4
2020/01/14,465.02
2020/01/15,460.86
2020/01/16,456.7
2020/01/17,457.91
2020/01/20,455.01
2020/01/21,457.79
2020/01/22,453.68
2020/01/23,453.95
2020/01/24,446.62
2020/01/27,438.09
2020/01/28,434.87
2020/01/29,434.17
2020/01/30,430.08
2020/01/31,424.34
2020/02/03,408.79
2020/02/04,408.8
2020/02/06,413.75
2020/02/07,409.06
2020/02/10,400.05
2020/02/11,409.54
2020/02/12,413.27
2020/02/13,409.99
2020/02/14,403.25
2020/02/17,404.94
2020/02/18,405.02
2020/02/19,406.81
2020/02/20,405.67
2020/02/21,403.11
2020/02/24,395.66
2020/02/25,395.0
2020/02/26,391.06
2020/02/27,380.15
2020/02/28,369.18
2020/03/02,380.19
2020/03/03,385.22
2020/03/04,378.45
2020/03/05,386.91
2020/03/06,367.88
2020/03/09,342.13
2020/03/10,320.84
2020/03/11,297.88
2020/03/12,280.73
2020/03/13,289.81
2020/03/16,268.24
2020/03/17,260.65
2020/03/18,241.11
2020/03/19,242.74
2020/03/20,260.94
2020/03/24,242.92
2020/03/25,251.16
2020/03/26,248.89
2020/03/27,257.67
2020/03/30,254.84
2020/03/31,262.21
2020/04/01,260.03
2020/04/02,279.31
2020/04/03,299.57
2020/04/06,294.13
2020/04/07,298.58
2020/04/08,290.57
2020/04/09,300.86
2020/04/10,295.68
2020/04/13,290.35
2020/04/14,290.95
2020/04/15,280.96
2020/04/16,279.29
2020/04/17,288.02
2020/04/20,286.25
2020/04/21,266.23
2020/04/22,263.99
2020/04/23,281.83
2020/04/24,285.64
2020/04/27,279.65
2020/04/28,278.0
2020/04/29,295.56
2020/04/30,317.72
2020/05/04,320.23
2020/05/05,326.66
2020/05/06,321.59
2020/05/07,312.99
2020/05/08,314.39
2020/05/11,311.36
2020/05/12,310.73
2020/05/13,310.17
2020/05/14,309.95
2020/05/15,320.12
2020/05/18,321.92
2020/05/19,326.13
2020/05/20,320.41
2020/05/21,323.11
2020/05/28,318.8
2020/05/29,317.02
2020/06/01,323.8
2020/06/02,333.9
2020/06/03,338.33
2020/06/04,332.69
2020/06/05,340.02
2020/06/08,357.79
2020/06/09,354.7
2020/06/10,354.64
2020/06/11,352.02
2020/06/12,344.94
2020/06/15,338.11
2020/06/16,344.3
2020/06/17,342.21
2020/06/18,341.5
2020/06/19,345.3
2020/06/22,352.08
2020/06/23,354.43
2020/06/24,351.59
2020/06/25,349.46
2020/06/26,352.85
2020/06/29,351.86
2020/06/30,350.63
2020/07/01,356.63
2020/07/02,355.33
2020/07/03,354.39
2020/07/06,357.11
2020/07/07,356.27
2020/07/08,357.96
2020/07/09,367.28
2020/07/10,365.04
2020/07/13,370.42
2020/07/14,385.5
2020/07/15,388.92
2020/07/16,390.99
2020/07/17,391.9
2020/07/20,392.48
2020/07/21,392.09
2020/07/22,395.66
2020/07/23,395.76
2020/07/24,391.89
2020/07/27,393.2
2020/07/28,394.71
2020/07/29,399.76
2020/07/30,407.35
2020/08/03,405.27
2020/08/04,400.07
2020/08/05,407.18
2020/08/06,414.06
2020/08/07,408.86
2020/08/10,403.43
2020/08/11,412.55
2020/08/12,409.18
2020/08/13,410.67
2020/08/17,410.95
2020/08/18,413.03
2020/08/19,418.81
2020/08/20,421.43
2020/08/21,421.86
2020/08/24,415.21
2020/08/25,423.14
2020/08/26,437.08
2020/08/27,433.08
2020/08/28,434.48
2020/08/31,427.94
2020/09/01,429.38
2020/09/02,430.43
2020/09/03,427.55
2020/09/04,427.87
2020/09/07,420.61
2020/09/08,420.54
2020/09/09,420.72
2020/09/10,423.2
2020/09/11,423.3
2020/09/14,424.68
2020/09/15,425.87
2020/09/16,424.03
2020/09/17,428.88
2020/09/18,433.95
2020/09/21,432.78
2020/09/22,428.5
2020/09/23,425.77
2020/09/24,424.1
2020/09/25,425.02
2020/09/28,424.24
2020/09/29,425.22
2020/09/30,421.33
2020/10/01,421.64
2020/10/02,410.31
2020/10/05,399.69
2020/10/06,397.58
2020/10/07,397.7
2020/10/08,407.58
2020/10/09,384.98
2020/10/12,382.34
2020/10/13,379.02
2020/10/14,370.53
2020/10/15,368.07
2020/10/16,364.97
2020/10/19,363.13
2020/10/20,366.61
2020/10/21,364.1
2020/10/22,357.15
2020/10/23,356.26
2020/10/26,354.48
2020/10/27,348.58
2020/10/28,340.82
2020/10/29,318.57
2020/11/02,315.65
2020/11/03,339.31
2020/11/04,339.36
2020/11/05,353.37
2020/11/06,349.17
2020/11/09,349.65
2020/11/10,366.63
2020/11/11,375.24
2020/11/12,367.95
2020/11/13,356.81
2020/11/16,356.29
2020/11/17,363.69
2020/11/18,358.96
2020/11/19,360.64
2020/11/20,359.28
2020/11/23,360.89
2020/11/24,368.82
2020/11/25,391.68
2020/11/26,397.99
2020/11/27,392.41
2020/11/30,396.07
2020/12/01,398.93
2020/12/02,400.32
2020/12/03,401.61
2020/12/04,403.79
2020/12/07,404.05
2020/12/08,400.23
2020/12/09,402.79
2020/12/10,400.47
2020/12/11,408.54
2020/12/14,412.65
2020/12/15,411.71
2020/12/16,413.69
2020/12/17,416.73
2020/12/18,419.32
2020/12/21,408.78
2020/12/22,406.65
2020/12/23,403.34
2020/12/24,402.64
2020/12/28,398.18
2020/12/29,388.09
2020/12/30,396.42
2020/12/31,395.41
2021/01/01,403.34
2021/01/04,409.0
2021/01/05,404.9
2021/01/06,420.98
2021/01/07,425.75
2021/01/08,425.62
2021/01/11,426.56
2021/01/12,429.5
2021/01/13,431.79
2021/01/14,427.27
2021/01/15,428.28
2021/01/18,419.03
2021/01/19,414.11
2021/01/20,408.92
2021/01/21,410.49
2021/01/22,408.38
2021/01/25,408.35
2021/01/26,414.05
2021/01/27,414.63
2021/01/28,410.79
2021/01/29,407.03
2021/02/01,407.72
2021/02/02,419.81
2021/02/03,428.94
2021/02/04,426.0
2021/02/08,415.74
2021/02/09,423.11
2021/02/10,417.89
2021/02/11,412.39
2021/02/12,400.51
2021/02/15,409.12
2021/02/16,406.11
2021/02/17,406.42
2021/02/18,402.31
2021/02/19,398.67
2021/02/22,394.76
2021/02/23,398.45
2021/02/24,395.5
2021/02/25,400.09
2021/02/26,400.19
2021/03/01,399.49
2021/03/02,396.65
2021/03/03,394.47
2021/03/04,389.37
2021/03/05,404.57
2021/03/08,407.82
2021/03/09,399.82
2021/03/10,392.82
2021/03/11,387.32
2021/03/12,393.61
2021/03/15,397.8
2021/03/16,395.57
2021/03/17,399.33
2021/03/18,392.69
2021/03/19,391.71
2021/03/22,391.82
2021/03/24,387.29
2021/03/25,385.39
2021/03/26,382.59
2021/03/29,375.88
2021/03/30,373.17
2021/03/31,379.89
2021/04/01,379.2
2021/04/02,371.87
2021/04/05,367.03
2021/04/06,370.96
2021/04/07,362.95
2021/04/08,366.99
2021/04/09,376.35
2021/04/12,378.19
2021/04/13,379.22
2021/04/14,376.27
2021/04/15,376.02
2021/04/16,376.47
2021/04/19,374.74
2021/04/20,372.89
2021/04/21,367.0
2021/04/22,360.94
2021/04/23,359.68
2021/04/26,365.95
2021/04/27,351.23
2021/04/28,355.06
2021/04/29,355.29
2021/04/30,353.78
2021/05/03,352.31
2021/05/04,354.84
2021/05/05,364.03
2021/05/06,360.06
2021/05/17,363.27
2021/05/18,369.87
2021/05/19,366.91
2021/05/20,365.01
2021/05/21,365.34
2021/05/24,367.0
2021/05/25,364.92
2021/05/26,365.35
2021/05/27,366.03
2021/05/28,367.44
2021/05/31,370.35
2021/06/01,377.09
2021/06/02,376.9
2021/06/03,376.74
2021/06/04,378.02
2021/06/07,377.25
2021/06/08,377.72
2021/06/09,377.1
2021/06/10,377.18
2021/06/11,379.94
2021/06/14,388.18
2021/06/15,384.4
2021/06/16,389.76
2021/06/17,394.39
2021/06/18,400.88
2021/06/21,400.49
2021/06/22,402.0
2021/06/23,401.19
2021/06/24,401.27
2021/06/25,396.04
2021/06/28,394.41
2021/06/29,393.37
2021/06/30,393.86
2021/07/01,397.66
2021/07/02,398.57
2021/07/05,398.14
2021/07/06,401.81
2021/07/07,395.54
2021/07/08,396.77
2021/07/09,393.58
2021/07/12,392.56
2021/07/13,392.45
2021/07/14,395.36
2021/07/15,394.98
2021/07/16,388.68
2021/07/19,387.05
2021/07/23,385.83
2021/07/26,382.04
2021/07/27,385.0
2021/07/28,382.11
2021/07/29,382.76
2021/07/30,382.15
2021/08/02,380.47
2021/08/03,386.02
2021/08/04,391.33
2021/08/05,390.56
2021/08/06,389.89
2021/08/09,390.73
2021/08/10,391.43
2021/08/11,395.3
2021/08/12,395.67
2021/08/13,392.61
2021/08/16,394.35
2021/08/17,394.62
2021/08/20,392.79
2021/08/23,396.79
2021/08/24,397.43
2021/08/25,396.01
2021/08/26,396.42
2021/08/27,394.06
2021/08/30,395.52
2021/08/31,390.95
2021/09/01,388.94
2021/09/02,388.93
2021/09/03,388.72
2021/09/06,386.5
2021/09/07,382.3
2021/09/08,381.46
2021/09/09,388.27
2021/09/10,389.96
2021/09/13,389.55
2021/09/14,355.28
2021/09/15,355.2
2021/09/16,355.83
2021/09/17,356.01
2021/09/20,356.98
2021/09/21,357.49
2021/09/22,354.8
2021/09/23,355.75
2021/09/24,357.7
2021/09/27,357.88
2021/09/28,368.5
2021/09/29,367.26
2021/09/30,375.35
2021/10/01,372.8
2021/10/04,368.77
2021/10/05,370.57
2021/10/06,370.3
2021/10/07,366.91
2021/10/08,367.03
2021/10/11,367.05
2021/10/12,362.71
2021/10/13,355.15
2021/10/14,355.77
2021/10/15,369.78
2021/10/18,375.99
2021/10/20,380.3
2021/10/21,385.51
2021/10/22,382.77
2021/10/25,382.77
2021/10/26,378.45
2021/10/27,382.51
2021/10/28,380.34
2021/10/29,382.75
2021/11/01,381.93
2021/11/02,378.66
2021/11/03,370.4
2021/11/04,376.69
2021/11/05,372.64
2021/11/08,375.75
2021/11/09,376.63
2021/11/10,380.76
2021/11/11,377.71
2021/11/12,371.56
2021/11/15,373.76
2021/11/16,372.64
2021/11/17,370.27
2021/11/18,369.02
2021/11/19,370.84
2021/11/22,362.61
2021/11/23,360.24
2021/11/24,354.92
2021/11/25,352.18
2021/11/26,348.73
2021/11/29,355.53
2021/11/30,343.65
2021/12/01,348.8
2021/12/02,335.11
2021/12/03,334.77
2021/12/06,345.09
2021/12/07,349.35
2021/12/08,347.55
2021/12/09,348.5
2021/12/10,344.67
2021/12/13,344.8
2021/12/14,346.38
2021/12/15,352.2
2021/12/16,347.49
2021/12/17,345.36
2021/12/20,347.17
2021/12/21,346.02
2021/12/22,346.36
2021/12/23,346.01
2021/12/24,346.8
2021/12/27,347.69
2021/12/28,351.2
2021/12/29,354.11
2021/12/30,349.92
2021/12/31,357.62
2022/01/03,360.95
2022/01/04,366.52
2022/01/05,371.42
2022/01/06,377.62
2022/01/07,384.73
2022/01/10,380.38
2022/01/11,378.79
2022/01/12,382.18
2022/01/13,384.7
2022/01/14,384.88
2022/01/17,386.67
2022/01/18,396.09
2022/01/19,390.98
2022/01/20,389.59
2022/01/21,390.33
2022/01/24,388.86
2022/01/25,385.38
2022/01/26,391.76
2022/01/27,392.9
2022/01/28,392.99
2022/01/31,392.98
2022/02/01,395.66
2022/02/02,398.49
2022/02/03,395.77
2022/02/04,389.25
2022/02/07,391.25
2022/02/08,390.78
2022/02/09,392.83
2022/02/10,369.08
2022/02/11,366.65
2022/02/14,363.39
2022/02/15,364.37
2022/02/16,366.3
2022/02/17,368.12
2022/02/18,368.68
2022/02/21,368.65
2022/02/22,371.64
2022/02/23,368.65
2022/02/24,365.52
2022/02/25,365.64
2022/02/28,370.62
2022/03/01,371.67
2022/03/02,381.37
2022/03/03,394.25
2022/03/04,389.12
2022/03/07,389.15
2022/03/08,390.67
2022/03/09,393.66
2022/03/10,388.08
2022/03/11,387.92
2022/03/14,388.72
2022/03/15,383.94
2022/03/16,382.17
2022/03/17,378.69
2022/03/18,375.65
2022/03/21,373.62
2022/03/22,375.11
2022/03/24,377.96
2022/03/25,373.43
2022/03/28,370.4
2022/03/29,373.89
2022/03/30,370.49
2022/03/31,372.68
2022/04/01,373.16
2022/04/04,371.79
2022/04/05,366.19
2022/04/06,369.82
2022/04/07,366.68
2022/04/08,374.76
2022/04/11,377.69
2022/04/12,375.72
2022/04/13,376.45
2022/04/14,378.29
2022/04/15,380.71
2022/04/18,385.37
2022/04/19,388.19
2022/04/20,385.37
2022/04/21,380.51
2022/04/22,386.81
2022/04/25,387.31
2022/04/26,381.37
2022/04/27,380.05
2022/04/28,378.36
2022/05/06,376.46
2022/05/09,372.31
2022/05/10,379.52
2022/05/11,377.12
2022/05/12,376.77
2022/05/13,387.89
2022/05/16,381.88
2022/05/17,383.85
2022/05/18,385.22
2022/05/19,381.93
2022/05/20,382.37
2022/05/23,378.3
2022/05/24,380.5
2022/05/25,384.95
2022/05/26,386.74
2022/05/27,386.01
2022/05/30,392.74
2022/05/31,400.51
2022/06/01,396.74
2022/06/02,394.62
2022/06/03,389.85
2022/06/06,388.26
2022/06/07,390.43
2022/06/08,395.09
2022/06/09,401.9
2022/06/10,405.63
2022/06/13,399.97
2022/06/14,405.94
2022/06/15,405.12
2022/06/16,411.11
2022/06/17,416.56
2022/06/20,416.38
2022/06/21,420.13
2022/06/22,414.62
2022/06/23,411.25
2022/06/24,389.6
2022/06/27,397.17
2022/06/28,402.07
2022/06/29,400.96
2022/06/30,405.81
2022/07/01,409.29
2022/07/04,404.8
2022/07/05,404.4
2022/07/06,401.15
2022/07/07,397.39
2022/07/13,396.47
2022/07/14,394.53
2022/07/15,394.27
2022/07/18,392.91
2022/07/19,381.38
2022/07/20,384.87
2022/07/21,373.78
2022/07/22,376.19
2022/07/25,375.88
2022/07/26,380.29
2022/07/27,379.21
2022/07/28,389.86
2022/07/29,390.49
2022/08/01,389.1
2022/08/02,390.81
2022/08/03,403.4
2022/08/04,401.14
2022/08/05,399.61
2022/08/10,407.13
2022/08/11,406.89
2022/08/12,416.31
2022/08/15,420.41
2022/08/16,421.79
2022/08/17,417.28
2022/08/18,418.73
2022/08/19,420.07
2022/08/22,423.88
2022/08/23,424.46
2022/08/24,427.27
2022/08/25,427.53
2022/08/26,425.78
2022/08/29,426.1
2022/08/30,422.49
2022/08/31,418.61
2022/09/01,418.58
2022/09/02,414.82
2022/09/05,416.32
2022/09/06,414.98
2022/09/07,414.22
2022/09/08,411.97
2022/09/09,420.62
2022/09/12,376.45
2022/09/13,374.38
2022/09/14,372.76
2022/09/15,369.84
2022/09/16,363.8
2022/09/19,366.09
2022/09/20,362.29
2022/09/21,352.81
2022/09/22,347.66
2022/09/23,348.47
2022/09/26,341.95
2022/09/27,345.84
2022/09/28,343.21
2022/09/29,343.69
2022/09/30,349.12
2022/10/03,349.75
2022/10/04,348.41
2022/10/05,351.84
2022/10/06,360.99
2022/10/07,357.91
2022/10/10,359.06
2022/10/11,357.2
2022/10/12,364.13
2022/10/13,364.01
2022/10/14,363.88
2022/10/17,363.7
2022/10/18,368.48
2022/10/19,372.1
2022/10/20,373.63
2022/10/21,377.0
2022/10/24,377.41
2022/10/25,382.97
2022/10/26,383.25
2022/10/27,388.77
2022/10/28,383.44
2022/10/31,385.96
2022/11/01,396.57
2022/11/02,406.17
2022/11/03,410.55
2022/11/04,409.5
2022/11/07,412.49
2022/11/08,417.15
2022/11/10,418.46
2022/11/11,420.11
2022/11/14,413.08
2022/11/15,410.34
2022/11/16,411.97
2022/11/17,411.69
2022/11/18,414.61
2022/11/21,412.25
2022/11/22,414.62
2022/11/23,419.41
2022/11/24,415.67
2022/11/25,419.61
2022/11/28,408.51
2022/11/29,411.15
2022/11/30,420.35
2022/12/01,418.48
2022/12/02,418.04
2022/12/05,415.06
2022/12/06,418.21
2022/12/07,417.41
2022/12/08,413.57
2022/12/09,414.08
2022/12/12,414.18
2022/12/13,413.84
2022/12/14,412.38
2022/12/15,402.93
2022/12/16,404.55
2022/12/19,402.03
2022/12/20,394.77
2022/12/21,394.6
2022/12/22,398.38
2022/12/23,398.67
2022/12/26,406.46
2022/12/27,414.8
2022/12/28,402.62
2022/12/29,403.56
2022/12/30,392.85
